Series Name,Series Code,Country Name,Country Code,2000 [YR2000],2001 [YR2001],2002 [YR2002],2003 [YR2003],2004 [YR2004],2005 [YR2005],2006 [YR2006],2007 [YR2007],2008 [YR2008],2009 [YR2009],2010 [YR2010],2011 [YR2011],2012 [YR2012],2013 [YR2013],2014 [YR2014],2015 [YR2015],2016 [YR2016],2017 [YR2017],2018 [YR2018],2019 [YR2019],2020 [YR2020]
Energy use (kg of oil equivalent per capita),EG.USE.PCAP.KG.OE,Afghanistan,AFG,..,..,..,..,..,..,..,..,..,..,..,..,..,..,..,..,..,..,..,..,..
Energy use (kg of oil equivalent per capita),EG.USE.PCAP.KG.OE,Albania,ALB,580.4947642,597.2652527,660.0479841,648.1683871,715.4144831,719.5843781,706.8594077,679.8617651,710.7484985,732.3166818,729.1543727,764.9686166,687.8962599,801.329975,808.4558396,..,..,..,..,..,..
Energy use (kg of oil equivalent per capita),EG.USE.PCAP.KG.OE,Algeria,DZA,869.6098396,860.0413958,908.2973158,953.0582807,952.2679487,977.9540849,1031.919174,1078.183633,1073.205629,1153.664071,1114.217028,1140.642714,1229.547425,1247.495053,1327.535544,..,..,..,..,..,..
Energy use (kg of oil equivalent per capita),EG.USE.PCAP.KG.OE,American Samoa,ASM,..,..,..,..,..,..,..,..,..,..,..,..,..,..,..,..,..,..,..,..,..
Energy use (kg of oil equivalent per capita),EG.USE.PCAP.KG.OE,Andorra,AND,..,..,..,..,..,..,..,..,..,..,..,..,..,..,..,..,..,..,..,..,..
Energy use (kg of oil equivalent per capita),EG.USE.PCAP.KG.OE,Angola,AGO,438.5500193,442.9788396,448.2617201,467.6440593,464.8078475,433.5725307,458.7941648,471.6941772,491.9786165,515.2171193,520.9623584,521.7806814,552.3636336,533.7610097,544.6093222,..,..,..,..,..,..
Energy use (kg of oil equivalent per capita),EG.USE.PCAP.KG.OE,Antigua and Barbuda,ATG,..,..,..,..,1680.442143,1681.703799,1729.057845,1737.557423,..,..,..,..,..,..,..,..,..,..,..,..,..
Energy use (kg of oil equivalent per capita),EG.USE.PCAP.KG.OE,Argentina,ARG,1669.526745,1570.897164,1510.313202,1598.789541,1728.214003,1720.673713,1853.041666,1858.392218,1937.641467,1865.337264,1928.652357,1952.051053,1936.80354,1967.021678,2029.922825,..,..,..,..,..,..
Energy use (kg of oil equivalent per capita),EG.USE.PCAP.KG.OE,Armenia,ARM,656.308935,657.4732183,618.4547152,656.481657,698.0841265,842.6975224,864.8831916,972.7983665,1033.171827,903.7004361,863.0259627,944.0403708,1029.943531,1000.958385,1015.909886,..,..,..,..,..,..
Energy use (kg of oil equivalent per capita),EG.USE.PCAP.KG.OE,Aruba,ABW,..,..,..,..,..,..,..,..,..,..,..,..,..,..,..,..,..,..,..,..,..
Energy use (kg of oil equivalent per capita),EG.USE.PCAP.KG.OE,Australia,AUS,5644.064951,5446.973214,5569.640992,5568.764941,5598.088178,5564.087169,5709.344668,5868.347097,5964.665776,5862.551944,5793.116026,5745.23219,5575.287093,5468.391369,5334.681679,5483.816402,..,..,..,..,..
Energy use (kg of oil equivalent per capita),EG.USE.PCAP.KG.OE,Austria,AUT,3570.498826,3758.457569,3773.651728,3973.624327,4007.569904,4085.567651,4078.812226,4019.59017,4032.148426,3798.151168,4051.19602,3921.900515,3886.767732,3919.044419,3763.327903,3800.29942,..,..,..,..,..
Energy use (kg of oil equivalent per capita),EG.USE.PCAP.KG.OE,Azerbaijan,AZE,1403.433268,1410.965455,1414.528111,1476.590884,1539.230121,1599.960676,1559.568746,1411.55734,1520.313919,1334.166178,1279.552594,1369.350999,1472.897391,1474.003433,1502.078168,..,..,..,..,..,..
Energy use (kg of oil equivalent per capita),EG.USE.PCAP.KG.OE,"Bahamas, The",BHS,..,..,..,..,2082.196592,2142.467963,2132.717886,2101.431878,..,..,..,..,..,..,..,..,..,..,..,..,..
Energy use (kg of oil equivalent per capita),EG.USE.PCAP.KG.OE,Bahrain,BHR,11988.77539,11738.21331,11548.58083,11566.54484,10895.01521,11675.4592,11604.20088,11233.9179,11318.25763,10339.1909,10207.86793,9912.711409,9659.604306,10419.81584,10596.55034,..,..,..,..,..,..
Energy use (kg of oil equivalent per capita),EG.USE.PCAP.KG.OE,Bangladesh,BGD,143.0538148,153.5600686,154.3926518,159.8949973,160.2451037,163.9427353,173.3027516,178.8510427,185.5821114,193.0731142,206.7611594,212.0573715,219.9696404,222.0566618,229.2464129,..,..,..,..,..,..
Energy use (kg of oil equivalent per capita),EG.USE.PCAP.KG.OE,Barbados,BRB,..,..,..,..,1362.229552,1411.391741,1434.353118,1438.823107,..,..,..,..,..,..,..,..,..,..,..,..,..
Energy use (kg of oil equivalent per capita),EG.USE.PCAP.KG.OE,Belarus,BLR,2462.411056,2485.565111,2550.108823,2643.687513,2752.759003,2768.821539,2965.377967,2917.907033,2932.103273,2790.137339,2900.042284,3097.656624,3222.44927,2881.507357,2928.520216,..,..,..,..,..,..
Energy use (kg of oil equivalent per capita),EG.USE.PCAP.KG.OE,Belgium,BEL,5669.358176,5634.215487,5390.719733,5590.025976,5592.98875,5555.615784,5470.491824,5336.963212,5454.667159,5196.581983,5539.472223,5092.316147,4845.488295,4997.463306,4708.221218,4687.787049,..,..,..,..,..
Energy use (kg of oil equivalent per capita),EG.USE.PCAP.KG.OE,Belize,BLZ,..,..,..,..,560.5705523,567.3009161,590.3977977,595.2679542,..,..,..,..,..,..,..,..,..,..,..,..,..
Energy use (kg of oil equivalent per capita),EG.USE.PCAP.KG.OE,Benin,BEN,288.7684459,297.9547201,310.0397319,317.1983983,321.355318,313.1063081,358.898499,379.2277351,376.8594656,384.4470943,397.1363346,396.7712135,399.6765218,406.2482133,416.790498,..,..,..,..,..,..
Energy use (kg of oil equivalent per capita),EG.USE.PCAP.KG.OE,Bermuda,BMU,..,..,..,..,..,..,..,..,..,..,..,..,..,..,..,..,..,..,..,..,..
Energy use (kg of oil equivalent per capita),EG.USE.PCAP.KG.OE,Bhutan,BTN,..,..,..,..,281.7717179,314.4561989,320.9564807,366.9857237,..,..,..,..,..,..,..,..,..,..,..,..,..
Energy use (kg of oil equivalent per capita),EG.USE.PCAP.KG.OE,Bolivia,BOL,582.6752404,444.8023859,523.3250988,534.1186323,525.1459388,562.6296399,691.9551238,554.1492706,579.4806003,593.6417812,636.138304,660.9912274,747.8691761,740.169863,778.1687546,..,..,..,..,..,..
Energy use (kg of oil equivalent per capita),EG.USE.PCAP.KG.OE,Bosnia and Herzegovina,BIH,1158.63132,1118.389716,1172.064754,1169.273449,1277.606308,1338.521633,1407.555962,1409.616704,1587.934915,1664.232651,1749.123189,1951.710038,1854.11343,1821.824335,2246.919678,..,..,..,..,..,..
Energy use (kg of oil equivalent per capita),EG.USE.PCAP.KG.OE,Botswana,BWA,1092.485764,1084.602533,1082.372134,1060.371956,1024.381955,1037.420834,1050.64415,1062.92273,1101.246634,1007.294607,1083.912023,1026.729159,1150.639038,1203.324936,1300.63669,..,..,..,..,..,..
Energy use (kg of oil equivalent per capita),EG.USE.PCAP.KG.OE,Brazil,BRA,1072.379538,1076.275474,1090.349867,1094.42467,1141.491098,1156.907568,1184.145102,1238.411641,1294.480833,1240.177285,1358.502416,1367.188098,1413.733357,1461.076781,1495.541207,..,..,..,..,..,..
Energy use (kg of oil equivalent per capita),EG.USE.PCAP.KG.OE,British Virgin Islands,VGB,..,..,..,..,..,..,..,..,..,..,..,..,..,..,..,..,..,..,..,..,..
Energy use (kg of oil equivalent per capita),EG.USE.PCAP.KG.OE,Brunei Darussalam,BRN,7157.132352,6492.724257,6221.159114,7090.248038,6389.813957,6074.568491,8511.574205,8606.765965,9337.042494,7925.914156,8337.49479,9837.44742,9599.377426,7522.255274,8673.088984,..,..,..,..,..,..
Energy use (kg of oil equivalent per capita),EG.USE.PCAP.KG.OE,Bulgaria,BGR,2277.367967,2421.145361,2410.969355,2490.416673,2440.69816,2597.896167,2691.460438,2666.111445,2648.867056,2351.655053,2416.703907,2617.127869,2513.352381,2329.122801,2477.655401,..,..,..,..,..,..
Energy use (kg of oil equivalent per capita),EG.USE.PCAP.KG.OE,Burkina Faso,BFA,..,..,..,..,..,..,..,..,..,..,..,..,..,..,..,..,..,..,..,..,..
Energy use (kg of oil equivalent per capita),EG.USE.PCAP.KG.OE,Burundi,BDI,..,..,..,..,..,..,..,..,..,..,..,..,..,..,..,..,..,..,..,..,..
Energy use (kg of oil equivalent per capita),EG.USE.PCAP.KG.OE,Cabo Verde,CPV,..,..,..,..,194.9117094,213.8081169,217.4052049,216.8147181,..,..,..,..,..,..,..,..,..,..,..,..,..
Energy use (kg of oil equivalent per capita),EG.USE.PCAP.KG.OE,Cambodia,KHM,280.7322834,276.5047308,316.0732939,320.0654814,259.3862963,258.8576331,254.4461377,254.2458817,251.2753322,360.4949451,370.2598872,381.2422622,390.7904317,396.9135648,416.8383089,..,..,..,..,..,..
Energy use (kg of oil equivalent per capita),EG.USE.PCAP.KG.OE,Cameroon,CMR,406.708803,400.7898218,399.5311782,404.798622,406.3219865,397.8108553,368.9174312,338.4741351,332.1719704,349.3707074,342.4963108,321.1590161,322.2788585,329.5873435,335.2015077,..,..,..,..,..,..
Energy use (kg of oil equivalent per capita),EG.USE.PCAP.KG.OE,Canada,CAN,8265.079925,8056.349425,7993.879384,8341.343144,8455.547014,8422.034308,8239.946371,8213.389543,8194.880771,7797.121136,7788.560786,7911.554588,7733.411655,7743.725742,7897.855615,7631.34157,..,..,..,..,..
Energy use (kg of oil equivalent per capita),EG.USE.PCAP.KG.OE,Cayman Islands,CYM,..,..,..,..,..,..,..,..,..,..,..,..,..,..,..,..,..,..,..,..,..
Energy use (kg of oil equivalent per capita),EG.USE.PCAP.KG.OE,Central African Republic,CAF,..,..,..,..,..,..,..,..,..,..,..,..,..,..,..,..,..,..,..,..,..
Energy use (kg of oil equivalent per capita),EG.USE.PCAP.KG.OE,Chad,TCD,..,..,..,..,..,..,..,..,..,..,..,..,..,..,..,..,..,..,..,..,..
Energy use (kg of oil equivalent per capita),EG.USE.PCAP.KG.OE,Channel Islands,CHI,..,..,..,..,..,..,..,..,..,..,..,..,..,..,..,..,..,..,..,..,..
Energy use (kg of oil equivalent per capita),EG.USE.PCAP.KG.OE,Chile,CHL,1640.410373,1591.725518,1630.125241,1629.899824,1717.859495,1752.727616,1805.221118,1852.505249,1815.207845,1748.328486,1807.915658,1950.23836,2138.299368,2202.11522,2032.934757,2005.551062,..,..,..,..,..
Energy use (kg of oil equivalent per capita),EG.USE.PCAP.KG.OE,China,CHN,898.9873131,928.8114337,984.8107146,1118.431773,1268.132904,1393.691324,1515.173678,1630.171029,1672.90412,1778.433519,1954.722556,2086.486904,2155.164788,2213.759327,2236.729908,..,..,..,..,..,..
Energy use (kg of oil equivalent per capita),EG.USE.PCAP.KG.OE,Colombia,COL,651.3635831,638.598671,616.6066097,620.3289799,617.8999677,635.0563175,658.9185258,646.7975362,669.2489829,686.1075296,689.9796936,684.402386,684.6351032,723.8148163,724.0702793,..,..,..,..,..,..
Energy use (kg of oil equivalent per capita),EG.USE.PCAP.KG.OE,Comoros,COM,..,..,..,..,56.9296818,60.49438628,67.04713254,63.90075122,..,..,..,..,..,..,..,..,..,..,..,..,..
Energy use (kg of oil equivalent per capita),EG.USE.PCAP.KG.OE,"Congo, Dem. Rep.",COD,295.2242256,296.8030528,298.2286776,300.0030335,302.3029881,304.1560162,305.6769538,306.6367264,307.6549802,306.5489534,307.4199536,315.7665596,378.9170668,385.1692055,389.3319231,..,..,..,..,..,..
Energy use (kg of oil equivalent per capita),EG.USE.PCAP.KG.OE,"Congo, Rep.",COG,226.9839174,247.2848254,242.134832,277.6529665,286.1379167,299.9860604,378.7737231,325.0534878,336.0904164,371.3707585,392.3676993,508.0369178,567.3611225,567.8604193,554.8084072,..,..,..,..,..,..
Energy use (kg of oil equivalent per capita),EG.USE.PCAP.KG.OE,Costa Rica,CRI,725.2181269,716.5840289,741.5917141,783.8896383,915.2341157,902.0485815,962.5568301,1023.571571,1027.498894,1008.884386,1015.012743,1004.728598,1009.457765,1021.262489,1023.008944,..,..,..,..,..,..
Energy use (kg of oil equivalent per capita),EG.USE.PCAP.KG.OE,Cote d'Ivoire,CIV,412.6449102,387.471603,405.0570294,374.9154669,517.4602323,524.0361581,504.3240396,531.0260887,521.9083925,467.4630482,494.9525519,554.0660589,586.274506,612.5489502,612.640154,..,..,..,..,..,..
Energy use (kg of oil equivalent per capita),EG.USE.PCAP.KG.OE,Croatia,HRV,1876.805775,2024.546927,2081.59828,2232.493431,2230.90322,2261.483778,2248.380076,2338.447693,2280.070678,2207.103023,2185.446988,2140.436133,2020.752383,1983.867947,1897.840665,..,..,..,..,..,..
Energy use (kg of oil equivalent per capita),EG.USE.PCAP.KG.OE,Cuba,CUB,1144.784715,1114.664951,1035.417621,1027.57075,1002.436543,947.4352715,945.9763252,901.335529,958.2083998,1016.655193,1099.502825,1032.819599,1065.343644,1022.160525,1034.686071,..,..,..,..,..,..
Energy use (kg of oil equivalent per capita),EG.USE.PCAP.KG.OE,Curacao,CUW,15720.11056,16994.13392,16662.99292,15566.69219,16180.823,15178.82724,14581.1072,16222.45516,15326.48752,15608.494,13710.07982,16064.05182,13395.36979,11727.50972,12650.86044,..,..,..,..,..,..
Energy use (kg of oil equivalent per capita),EG.USE.PCAP.KG.OE,Cyprus,CYP,2265.407245,2201.695138,2193.681651,2346.799347,2161.637675,2159.594302,2207.928785,2292.2245,2388.589477,2299.796099,2195.337638,2105.256514,1961.81212,1687.829693,1712.159752,..,..,..,..,..,..
Energy use (kg of oil equivalent per capita),EG.USE.PCAP.KG.OE,Czech Republic,CZE,3988.038494,4111.152482,4163.450106,4357.572662,4460.259931,4400.878113,4491.516134,4468.960352,4330.712691,4034.74351,4237.896741,4077.356059,4054.085018,3989.991414,3915.113582,3860.002964,..,..,..,..,..
Energy use (kg of oil equivalent per capita),EG.USE.PCAP.KG.OE,Denmark,DNK,3489.614796,3583.955723,3535.098014,3727.834179,3597.17296,3487.631914,3728.171039,3622.596833,3501.513847,3329.211067,3510.79685,3230.188031,3091.58158,3125.33776,2872.573547,2816.614565,..,..,..,..,..
Energy use (kg of oil equivalent per capita),EG.USE.PCAP.KG.OE,Djibouti,DJI,..,..,..,..,172.368433,177.4647815,179.9731425,177.5402849,..,..,..,..,..,..,..,..,..,..,..,..,..
Energy use (kg of oil equivalent per capita),EG.USE.PCAP.KG.OE,Dominica,DMA,..,..,..,..,554.1189509,580.827041,593.9081988,607.3875274,..,..,..,..,..,..,..,..,..,..,..,..,..
Energy use (kg of oil equivalent per capita),EG.USE.PCAP.KG.OE,Dominican Republic,DOM,852.25008,814.3059551,851.6183714,794.6209158,708.7403966,760.0917507,776.5663132,779.6497881,771.974424,748.1899106,776.6888108,781.4702834,815.3907532,759.6939519,751.795394,..,..,..,..,..,..
Energy use (kg of oil equivalent per capita),EG.USE.PCAP.KG.OE,Ecuador,ECU,695.1847246,724.3707484,694.6010812,693.0039751,658.1121398,675.3670137,667.1038361,742.1890459,672.4827682,788.0824322,784.051913,817.5844698,795.1427488,843.978287,888.9648955,..,..,..,..,..,..
Energy use (kg of oil equivalent per capita),EG.USE.PCAP.KG.OE,"Egypt, Arab Rep.",EGY,589.6677834,649.7416256,657.7509927,670.2501028,711.3467221,813.999296,844.987613,889.3894434,907.5952747,911.4885946,876.5421758,900.6603986,905.5866059,848.6291444,827.4971669,..,..,..,..,..,..
Energy use (kg of oil equivalent per capita),EG.USE.PCAP.KG.OE,El Salvador,SLV,673.7734581,700.2616498,709.7409385,736.94749,727.3424055,744.7953388,778.7093757,733.4908882,733.5005065,684.1216002,687.2839441,690.9413116,677.3283351,636.5734823,645.8763031,..,..,..,..,..,..
Energy use (kg of oil equivalent per capita),EG.USE.PCAP.KG.OE,Equatorial Guinea,GNQ,..,..,..,..,1062.837106,1666.366481,1915.87975,2140.717816,..,..,..,..,..,..,..,..,..,..,..,..,..
Energy use (kg of oil equivalent per capita),EG.USE.PCAP.KG.OE,Eritrea,ERI,308.7969199,312.3426658,301.655181,308.1477586,273.3911243,269.5613443,237.870883,239.2445811,220.20851,231.3530475,233.6597344,236.3440005,240.7126675,243.0602325,245.9192335,..,..,..,..,..,..
Energy use (kg of oil equivalent per capita),EG.USE.PCAP.KG.OE,Estonia,EST,3374.70839,3541.512051,3415.780621,3798.038257,3893.395472,3846.392943,3775.035083,4243.648,4105.417736,3648.978843,4222.73719,4237.729191,4174.387766,4623.279112,4592.616457,4173.326583,..,..,..,..,..
Energy use (kg of oil equivalent per capita),EG.USE.PCAP.KG.OE,Ethiopia,ETH,478.4932546,482.4053895,482.6886042,484.0447321,484.6298477,482.9057294,483.9403013,485.5969831,486.7608738,486.7319303,486.6902958,489.1756569,489.1939261,492.145208,493.1301633,..,..,..,..,..,..
Energy use (kg of oil equivalent per capita),EG.USE.PCAP.KG.OE,Faroe Islands,FRO,..,..,..,..,..,..,..,..,..,..,..,..,..,..,..,..,..,..,..,..,..
Energy use (kg of oil equivalent per capita),EG.USE.PCAP.KG.OE,Fiji,FJI,..,..,..,..,814.3202993,703.5019304,675.2267868,626.6518375,..,..,..,..,..,..,..,..,..,..,..,..,..
Energy use (kg of oil equivalent per capita),EG.USE.PCAP.KG.OE,Finland,FIN,6262.192079,6410.625234,6728.581405,7077.026649,7134.854209,6562.022311,7111.856822,6974.896761,6669.173348,6268.300545,6828.783753,6537.637298,6275.770964,6116.227294,6213.357766,5924.700125,..,..,..,..,..
Energy use (kg of oil equivalent per capita),EG.USE.PCAP.KG.OE,France,FRA,4135.477644,4246.004942,4225.467969,4270.949456,4301.737225,4287.157413,4188.84293,4115.527368,4110.585659,3913.457639,4016.847947,3847.072729,3836.656592,3833.534143,3659.087795,3692.017833,..,..,..,..,..
Energy use (kg of oil equivalent per capita),EG.USE.PCAP.KG.OE,French Polynesia,PYF,..,..,..,..,..,..,..,..,..,..,..,..,..,..,..,..,..,..,..,..,..
Energy use (kg of oil equivalent per capita),EG.USE.PCAP.KG.OE,Gabon,GAB,1197.22964,1254.899233,1479.211218,1697.323314,1920.583249,2160.072029,2362.398542,2555.471877,2723.343475,2883.595678,3129.078774,2429.215824,2072.638342,2913.863575,2694.207453,..,..,..,..,..,..
Energy use (kg of oil equivalent per capita),EG.USE.PCAP.KG.OE,"Gambia, The",GMB,..,..,..,..,72.16709087,69.95992203,71.63301277,81.10507803,..,..,..,..,..,..,..,..,..,..,..,..,..
Energy use (kg of oil equivalent per capita),EG.USE.PCAP.KG.OE,Georgia,GEO,703.7218083,640.3012376,639.4192305,684.5821684,707.9865762,727.880734,781.2476565,865.5928073,780.7194535,811.5319791,824.5430382,943.5439023,993.7399333,1048.341057,1180.272753,..,..,..,..,..,..
Energy use (kg of oil equivalent per capita),EG.USE.PCAP.KG.OE,Germany,DEU,4094.06036,4209.796087,4108.401299,4084.503346,4114.389928,4086.503407,4204.654689,3985.811955,4036.830781,3790.501152,3997.079421,3869.816229,3876.948104,3939.529563,3779.461921,3817.549415,..,..,..,..,..
Energy use (kg of oil equivalent per capita),EG.USE.PCAP.KG.OE,Ghana,GHA,325.5569729,319.7178225,310.1038156,286.2929349,279.1034623,269.7821491,280.1682198,273.0545526,266.1197832,280.9764122,298.9123441,311.4303338,329.158417,336.4679215,331.8272252,..,..,..,..,..,..
Energy use (kg of oil equivalent per capita),EG.USE.PCAP.KG.OE,Gibraltar,GIB,4113.942787,4141.731536,4138.651797,4171.064353,4435.860058,4544.507661,4697.579077,4679.86395,4759.408802,5123.46194,5150.692273,4996.072831,5108.274386,5456.488187,5812.453669,..,..,..,..,..,..
Energy use (kg of oil equivalent per capita),EG.USE.PCAP.KG.OE,Greece,GRC,2506.639948,2578.112105,2597.748289,2666.453637,2711.46679,2753.051201,2742.629961,2734.755835,2745.493459,2649.661201,2482.110116,2407.762736,2403.230472,2128.010669,2123.897891,2182.071093,..,..,..,..,..
Energy use (kg of oil equivalent per capita),EG.USE.PCAP.KG.OE,Greenland,GRL,..,..,..,..,..,..,..,..,..,..,..,..,..,..,..,..,..,..,..,..,..
Energy use (kg of oil equivalent per capita),EG.USE.PCAP.KG.OE,Grenada,GRD,..,..,..,..,709.1722809,754.817936,771.9211306,770.0351744,..,..,..,..,..,..,..,..,..,..,..,..,..
Energy use (kg of oil equivalent per capita),EG.USE.PCAP.KG.OE,Guam,GUM,..,..,..,..,..,..,..,..,..,..,..,..,..,..,..,..,..,..,..,..,..
Energy use (kg of oil equivalent per capita),EG.USE.PCAP.KG.OE,Guatemala,GTM,607.4955299,605.5050029,596.5398034,606.7471081,611.736235,602.3859363,599.5329716,631.5676533,593.720684,668.796352,714.9102221,750.609079,749.0445437,800.6522343,863.5689345,..,..,..,..,..,..
Energy use (kg of oil equivalent per capita),EG.USE.PCAP.KG.OE,Guinea,GIN,..,..,..,..,..,..,..,..,..,..,..,..,..,..,..,..,..,..,..,..,..
Energy use (kg of oil equivalent per capita),EG.USE.PCAP.KG.OE,Guinea-Bissau,GNB,..,..,..,..,65.47432341,64.6873815,65.33191152,67.30223592,..,..,..,..,..,..,..,..,..,..,..,..,..
Energy use (kg of oil equivalent per capita),EG.USE.PCAP.KG.OE,Guyana,GUY,..,..,..,..,642.3175999,663.3939233,669.9332612,669.8156935,..,..,..,..,..,..,..,..,..,..,..,..,..
Energy use (kg of oil equivalent per capita),EG.USE.PCAP.KG.OE,Haiti,HTI,237.5171406,238.5873138,263.7804927,249.2056273,252.8709549,370.4208068,375.3054779,387.0094851,385.8434803,385.3788806,381.5911275,389.0863854,397.2571269,394.0233483,393.6746469,..,..,..,..,..,..
Energy use (kg of oil equivalent per capita),EG.USE.PCAP.KG.OE,Honduras,HND,454.9337449,477.7356399,484.3386708,513.3695799,539.9172561,551.0099564,523.1141095,600.5888697,582.8127085,546.8021139,548.7312849,596.678376,593.0709708,590.9511383,597.9295164,..,..,..,..,..,..
Energy use (kg of oil equivalent per capita),EG.USE.PCAP.KG.OE,"Hong Kong SAR, China",HKG,2039.054164,2109.680384,1949.172758,2009.218369,1872.470259,1844.490401,1932.909685,2058.597516,2006.298543,2107.366338,1946.646166,2087.211664,1994.715598,1943.845436,1970.484128,..,..,..,..,..,..
Energy use (kg of oil equivalent per capita),EG.USE.PCAP.KG.OE,Hungary,HUN,2448.140338,2512.67485,2520.152466,2580.207496,2579.291721,2731.039703,2713.257084,2658.036373,2636.646773,2478.1017,2568.948991,2500.321359,2365.553697,2271.947205,2314.496434,2432.751791,..,..,..,..,..
Energy use (kg of oil equivalent per capita),EG.USE.PCAP.KG.OE,Iceland,ISL,11091.54887,10589.46619,10804.64172,10731.32864,10524.2507,10524.8775,12734.00662,14746.03134,16353.83127,16911.07978,17023.16682,18157.5981,17630.07147,18178.13901,17916.12042,17478.89304,..,..,..,..,..
Energy use (kg of oil equivalent per capita),EG.USE.PCAP.KG.OE,India,IND,417.2875886,416.0144443,421.2704901,424.2943456,439.7030084,449.7658559,466.1382611,485.0996282,501.5596349,544.6265982,561.6534027,577.9940611,599.1544142,605.7921412,636.5701556,..,..,..,..,..,..
Energy use (kg of oil equivalent per capita),EG.USE.PCAP.KG.OE,Indonesia,IDN,735.9134207,742.9706995,760.1677157,752.1128926,791.0908132,794.4100006,802.3545286,788.0726283,793.1000329,845.9972119,877.0756528,833.5620289,853.2083446,863.8176284,883.9182941,..,..,..,..,..,..
Energy use (kg of oil equivalent per capita),EG.USE.PCAP.KG.OE,"Iran, Islamic Rep.",IRN,1874.671453,2008.654894,2051.788847,2094.269158,2256.462603,2475.087729,2557.7637,2676.599594,2837.184586,2800.51544,2769.463567,2791.107789,2869.333253,2889.109969,3060.387046,..,..,..,..,..,..
Energy use (kg of oil equivalent per capita),EG.USE.PCAP.KG.OE,Iraq,IRQ,1104.932741,1199.022355,1107.08185,988.9973674,991.9177507,981.7259561,908.5752454,909.1752902,968.3506997,1137.034404,1261.220505,1335.738398,1438.175609,1488.561769,1437.900542,..,..,..,..,..,..
Energy use (kg of oil equivalent per capita),EG.USE.PCAP.KG.OE,Ireland,IRL,3626.747161,3713.513869,3661.322241,3515.094503,3558.085941,3503.642864,3424.160852,3416.030946,3293.884635,3149.565141,3152.003605,2865.37474,2853.064865,2814.98269,2741.574884,2819.875852,..,..,..,..,..
Energy use (kg of oil equivalent per capita),EG.USE.PCAP.KG.OE,Isle of Man,IMN,..,..,..,..,..,..,..,..,..,..,..,..,..,..,..,..,..,..,..,..,..
Energy use (kg of oil equivalent per capita),EG.USE.PCAP.KG.OE,Israel,ISR,2899.426618,2973.042708,2862.795738,2949.300417,2821.996916,2661.449185,2882.399025,2898.153368,3129.127764,2873.876109,3042.434021,2980.176157,3067.742494,2870.098765,2762.505934,2777.875324,..,..,..,..,..
Energy use (kg of oil equivalent per capita),EG.USE.PCAP.KG.OE,Italy,ITA,3012.195,3020.621195,3037.266965,3168.529021,3169.932642,3214.674121,3175.799871,3149.576553,3087.566331,2869.920712,2930.588524,2828.404891,2709.297728,2579.472543,2414.484002,2481.754645,..,..,..,..,..
Energy use (kg of oil equivalent per capita),EG.USE.PCAP.KG.OE,Jamaica,JAM,1436.429941,1430.144367,1324.659979,1371.584576,1379.414792,1355.282093,1510.601738,1511.587742,1265.622551,1080.154172,951.4108011,1009.349138,974.4631847,1006.698478,976.858486,..,..,..,..,..,..
Energy use (kg of oil equivalent per capita),EG.USE.PCAP.KG.OE,Japan,JPN,4083.831697,4008.268032,3991.977567,3953.184508,4078.210542,4062.979049,4053.883437,4012.654245,3858.434521,3678.511133,3893.266604,3610.812169,3537.36317,3567.629354,3470.763129,3428.557216,..,..,..,..,..
Energy use (kg of oil equivalent per capita),EG.USE.PCAP.KG.OE,Jordan,JOR,949.8658173,923.3053037,951.5473983,952.02198,1114.304142,1157.958664,1143.880038,1152.461121,1078.166204,1081.923357,978.2036563,922.0659284,970.2091443,906.9274754,916.9928327,..,..,..,..,..,..
Energy use (kg of oil equivalent per capita),EG.USE.PCAP.KG.OE,Kazakhstan,KAZ,2397.202335,2324.54767,2674.255674,2891.093028,3383.074452,3358.971122,4012.785075,4267.99306,4457.168113,3944.288267,4234.851064,4670.821234,4398.944408,4786.593036,4434.639121,..,..,..,..,..,..
Energy use (kg of oil equivalent per capita),EG.USE.PCAP.KG.OE,Kenya,KEN,437.9659321,431.981532,426.0164787,423.7140817,433.5064268,436.9270956,443.1654858,440.4651463,443.5401696,456.9496124,464.4134917,461.4658253,454.8363556,468.6375883,505.9974007,..,..,..,..,..,..
Energy use (kg of oil equivalent per capita),EG.USE.PCAP.KG.OE,Kiribati,KIR,..,..,..,..,88.39876684,86.65041971,105.9962053,113.9577528,..,..,..,..,..,..,..,..,..,..,..,..,..
Energy use (kg of oil equivalent per capita),EG.USE.PCAP.KG.OE,"Korea, Dem. Peopleï¿½s Rep.",PRK,859.9080425,880.5372243,838.3036226,850.7559501,863.6739278,892.5578959,895.8542023,756.8111252,829.7307354,815.3893463,770.1300787,567.3458668,574.7893641,435.155494,475.3483473,..,..,..,..,..,..
Energy use (kg of oil equivalent per capita),EG.USE.PCAP.KG.OE,"Korea, Rep.",KOR,4002.671284,4033.318968,4170.476147,4233.487325,4332.667741,4364.219091,4412.527118,4564.98783,4629.777921,4649.765742,5045.487749,5216.587809,5248.519891,5231.67546,5289.275832,5413.347857,..,..,..,..,..
Energy use (kg of oil equivalent per capita),EG.USE.PCAP.KG.OE,Kosovo,XKX,908.6088235,1117.872926,1112.34734,1170.289281,1176.064254,1140.686958,1143.458468,1179.568641,1267.742103,1381.957383,1405.040886,1411.47292,1310.400165,1296.695977,1219.326655,..,..,..,..,..,..
Energy use (kg of oil equivalent per capita),EG.USE.PCAP.KG.OE,Kuwait,KWT,9151.98059,9497.433535,9612.83006,10131.44688,10619.66233,11576.82722,10811.57759,10489.03982,10810.81051,11134.24245,10721.48519,10221.17637,11105.97778,9906.517059,9178.885547,..,..,..,..,..,..
Energy use (kg of oil equivalent per capita),EG.USE.PCAP.KG.OE,Kyrgyz Republic,KGZ,473.3792667,435.8761198,485.2886369,511.2523546,497.8686309,498.5427885,485.4189023,560.6182143,593.9464531,535.8168781,505.4022651,600.2852428,737.2264232,690.3176796,650.401508,..,..,..,..,..,..
Energy use (kg of oil equivalent per capita),EG.USE.PCAP.KG.OE,Lao PDR,LAO,..,..,..,..,..,..,..,..,..,..,..,..,..,..,..,..,..,..,..,..,..
Energy use (kg of oil equivalent per capita),EG.USE.PCAP.KG.OE,Latvia,LVA,1618.460011,1759.160865,1763.257557,1889.954129,1961.104616,2022.56433,2113.710733,2179.813891,2106.363689,2055.824686,2148.653551,2066.637569,2170.585832,2156.16201,2176.843306,..,..,..,..,..,..
Energy use (kg of oil equivalent per capita),EG.USE.PCAP.KG.OE,Lebanon,LBN,1276.954849,1318.100897,1249.805306,1192.352294,1157.048727,1073.103921,1007.243233,886.2609872,1139.766883,1381.330996,1287.77457,1219.917257,1294.737114,1195.576014,1196.60562,..,..,..,..,..,..
Energy use (kg of oil equivalent per capita),EG.USE.PCAP.KG.OE,Lesotho,LSO,..,..,..,..,13.95854313,16.53212191,9.548031372,9.56252938,..,..,..,..,..,..,..,..,..,..,..,..,..
Energy use (kg of oil equivalent per capita),EG.USE.PCAP.KG.OE,Liberia,LBR,..,..,..,..,..,..,..,..,..,..,..,..,..,..,..,..,..,..,..,..,..
Energy use (kg of oil equivalent per capita),EG.USE.PCAP.KG.OE,Libya,LBY,2954.082866,2995.865336,3066.175395,3104.514739,3141.437516,3065.045026,3052.424955,2796.455171,2937.630019,3146.184763,3353.527773,2190.810346,2744.014954,3071.818863,2808.648236,..,..,..,..,..,..
Energy use (kg of oil equivalent per capita),EG.USE.PCAP.KG.OE,Liechtenstein,LIE,..,..,..,..,..,..,..,..,..,..,..,..,..,..,..,..,..,..,..,..,..
Energy use (kg of oil equivalent per capita),EG.USE.PCAP.KG.OE,Lithuania,LTU,2037.619559,2384.742732,2574.353331,2709.24976,2779.195902,2662.800735,2666.013336,2927.241223,2975.911996,2770.832358,2275.760166,2412.480702,2468.998816,2356.645002,2387.275194,..,..,..,..,..,..
Energy use (kg of oil equivalent per capita),EG.USE.PCAP.KG.OE,Luxembourg,LUX,7676.837039,7982.850348,8204.726845,8549.502912,9387.437104,9428.811286,9170.532565,8773.896703,8612.233705,7951.723944,8329.478275,8056.404301,7722.190204,7312.154005,6861.106667,6548.405559,..,..,..,..,..
Energy use (kg of oil equivalent per capita),EG.USE.PCAP.KG.OE,"Macao SAR, China",MAC,..,..,..,..,..,..,..,..,..,..,..,..,..,..,..,..,..,..,..,..,..
Energy use (kg of oil equivalent per capita),EG.USE.PCAP.KG.OE,North Macedonia,MKD,1311.028647,1261.306063,1233.481606,1358.538852,1335.123439,1359.377616,1421.331462,1464.716238,1461.099505,1360.67034,1390.532664,1506.062523,1427.623491,1300.820735,1262.386447,..,..,..,..,..,..
Energy use (kg of oil equivalent per capita),EG.USE.PCAP.KG.OE,Madagascar,MDG,..,..,..,..,..,..,..,..,..,..,..,..,..,..,..,..,..,..,..,..,..
Energy use (kg of oil equivalent per capita),EG.USE.PCAP.KG.OE,Malawi,MWI,..,..,..,..,..,..,..,..,..,..,..,..,..,..,..,..,..,..,..,..,..
Energy use (kg of oil equivalent per capita),EG.USE.PCAP.KG.OE,Malaysia,MYS,2107.814275,2145.964133,2172.436326,2281.316447,2405.4822,2558.495631,2522.330905,2708.46867,2777.663619,2591.75999,2601.44941,2670.65206,2678.533856,2979.648627,3003.455771,..,..,..,..,..,..
Energy use (kg of oil equivalent per capita),EG.USE.PCAP.KG.OE,Maldives,MDV,..,..,..,..,803.1741442,703.9873845,879.4242214,892.0872754,..,..,..,..,..,..,..,..,..,..,..,..,..
Energy use (kg of oil equivalent per capita),EG.USE.PCAP.KG.OE,Mali,MLI,..,..,..,..,..,..,..,..,..,..,..,..,..,..,..,..,..,..,..,..,..
Energy use (kg of oil equivalent per capita),EG.USE.PCAP.KG.OE,Malta,MLT,1731.708568,2001.335783,1851.91265,2071.498462,2066.583929,2181.143737,2055.686046,2156.555797,2043.526903,1887.203408,2012.315806,1993.328817,2090.393974,1803.210108,1781.504425,..,..,..,..,..,..
Energy use (kg of oil equivalent per capita),EG.USE.PCAP.KG.OE,Marshall Islands,MHL,..,..,..,..,532.3445187,524.8108871,537.9525526,570.9086368,..,..,..,..,..,..,..,..,..,..,..,..,..
Energy use (kg of oil equivalent per capita),EG.USE.PCAP.KG.OE,Mauritania,MRT,..,..,..,..,..,..,..,..,..,..,..,..,..,..,..,..,..,..,..,..,..
Energy use (kg of oil equivalent per capita),EG.USE.PCAP.KG.OE,Mauritius,MUS,851.2216556,886.763795,873.1958018,909.0631877,919.7979039,945.7237672,1006.501642,1007.574841,1027.174206,999.4869447,1053.452495,1053.50989,1067.780253,1094.72587,1111.422168,..,..,..,..,..,..
Energy use (kg of oil equivalent per capita),EG.USE.PCAP.KG.OE,Mexico,MEX,1516.635855,1548.316139,1534.721851,1603.937485,1599.161247,1685.099674,1698.585358,1662.602596,1621.264979,1599.516696,1531.756941,1587.072002,1634.697432,1616.613604,1561.873458,1537.261324,..,..,..,..,..
Energy use (kg of oil equivalent per capita),EG.USE.PCAP.KG.OE,"Micronesia, Fed. Sts.",FSM,..,..,..,..,..,..,..,..,..,..,..,..,..,..,..,..,..,..,..,..,..
Energy use (kg of oil equivalent per capita),EG.USE.PCAP.KG.OE,Moldova,MDA,986.0283749,1046.21164,1063.599981,1157.721065,1166.356665,1210.890094,1198.008399,1168.386621,1166.286606,1109.173962,1225.684059,1207.075728,1194.455383,1073.856855,1155.612454,..,..,..,..,..,..
Energy use (kg of oil equivalent per capita),EG.USE.PCAP.KG.OE,Monaco,MCO,..,..,..,..,..,..,..,..,..,..,..,..,..,..,..,..,..,..,..,..,..
Energy use (kg of oil equivalent per capita),EG.USE.PCAP.KG.OE,Mongolia,MNG,999.6537942,997.9984196,1058.265334,1022.937813,1041.696193,1185.681817,1331.883857,1376.434371,1361.67663,1392.46113,1449.471597,1557.017819,1689.615425,1825.009924,1828.103253,..,..,..,..,..,..
Energy use (kg of oil equivalent per capita),EG.USE.PCAP.KG.OE,Montenegro,MNE,..,..,..,..,..,1745.974431,1913.556359,1927.978892,2067.967759,1646.312272,1898.288421,1815.529957,1711.797113,1580.418443,1538.2641,..,..,..,..,..,..
Energy use (kg of oil equivalent per capita),EG.USE.PCAP.KG.OE,Morocco,MAR,382.6832618,401.0404675,403.0851304,396.8916845,465.668416,487.4037618,490.0372778,499.592394,512.6078854,509.9605886,528.103904,561.4245078,561.4755812,555.937557,555.1378792,..,..,..,..,..,..
Energy use (kg of oil equivalent per capita),EG.USE.PCAP.KG.OE,Mozambique,MOZ,404.9631076,414.1536267,407.4371055,417.0751794,420.6149081,414.2083569,414.7168587,420.6937692,417.2386122,420.9655418,423.2675638,428.3474757,424.5091271,427.6683075,442.6652152,..,..,..,..,..,..
Energy use (kg of oil equivalent per capita),EG.USE.PCAP.KG.OE,Myanmar,MMR,274.8781932,265.7420246,271.9705357,292.2470797,305.6912743,304.3126277,306.4233723,315.8789415,302.6378999,284.8906755,277.0925956,280.9153214,304.5243118,320.3689639,369.3322676,..,..,..,..,..,..
Energy use (kg of oil equivalent per capita),EG.USE.PCAP.KG.OE,Namibia,NAM,568.22104,662.959677,604.5061282,620.7553867,641.0909215,683.9035866,673.6491391,681.0936779,712.2840725,712.0046477,726.0823437,736.4799293,749.9416799,777.6087862,794.2989228,..,..,..,..,..,..
Energy use (kg of oil equivalent per capita),EG.USE.PCAP.KG.OE,Nauru,NRU,..,..,..,..,..,..,..,..,..,..,..,..,..,..,..,..,..,..,..,..,..
Energy use (kg of oil equivalent per capita),EG.USE.PCAP.KG.OE,Nepal,NPL,338.6524267,343.9661782,342.4562297,347.1560718,347.4699032,354.701781,350.2931116,352.8104775,361.2641533,368.9500283,377.9855576,390.8243486,374.2975788,417.2873997,434.4492938,..,..,..,..,..,..
Energy use (kg of oil equivalent per capita),EG.USE.PCAP.KG.OE,Netherlands,NLD,4739.065925,4839.46553,4873.261626,5020.381932,5085.885701,4989.46793,4925.112417,4908.898261,4848.01369,4722.106039,5025.320916,4636.701904,4646.255241,4600.182976,4325.523712,4233.043857,..,..,..,..,..
Energy use (kg of oil equivalent per capita),EG.USE.PCAP.KG.OE,New Caledonia,NCL,..,..,..,..,..,..,..,..,..,..,..,..,..,..,..,..,..,..,..,..,..
Energy use (kg of oil equivalent per capita),EG.USE.PCAP.KG.OE,New Zealand,NZL,4430.227856,4407.618864,4337.380524,4197.593862,4239.645749,4095.143085,4047.318023,4054.495004,4082.723367,4073.238042,4225.094582,4177.025547,4357.809714,4360.305936,4559.892232,4444.725287,..,..,..,..,..
Energy use (kg of oil equivalent per capita),EG.USE.PCAP.KG.OE,Nicaragua,NIC,496.4458618,493.3742323,504.1016775,508.8261448,524.8440102,526.1270637,514.1185793,515.5287381,514.1684982,510.158861,507.5748639,518.1104174,549.4169185,580.4853942,596.2438869,..,..,..,..,..,..
Energy use (kg of oil equivalent per capita),EG.USE.PCAP.KG.OE,Niger,NER,129.649703,128.717983,128.8315168,129.6690445,130.6592241,127.2300781,125.6858488,126.6507638,127.6911512,130.3125461,135.3564514,113.0905071,127.9082647,154.9743019,150.0138486,..,..,..,..,..,..
Energy use (kg of oil equivalent per capita),EG.USE.PCAP.KG.OE,Nigeria,NGA,703.6366945,720.4456821,725.0092608,747.0192011,748.746091,758.3650946,744.9410933,751.1784015,753.2494042,721.8144848,756.3471732,778.8437008,798.6301962,780.1399998,763.6319766,..,..,..,..,..,..
Energy use (kg of oil equivalent per capita),EG.USE.PCAP.KG.OE,Northern Mariana Islands,MNP,..,..,..,..,..,..,..,..,..,..,..,..,..,..,..,..,..,..,..,..,..
Energy use (kg of oil equivalent per capita),EG.USE.PCAP.KG.OE,Norway,NOR,5826.077769,5954.041771,5501.117744,5933.215841,5769.326707,5802.71629,5833.773935,5862.217261,6752.708982,6484.118585,6934.590199,5649.697724,5906.141048,6415.990714,5595.654625,5817.636603,..,..,..,..,..
Energy use (kg of oil equivalent per capita),EG.USE.PCAP.KG.OE,Oman,OMN,3337.308689,3345.456265,3457.605131,3604.65701,3601.496125,3944.408584,5979.029029,6660.354409,5690.174677,5499.199982,6154.476803,6771.192775,6767.620566,6490.216625,6040.609,..,..,..,..,..,..
Energy use (kg of oil equivalent per capita),EG.USE.PCAP.KG.OE,Pakistan,PAK,450.0578734,446.0109859,440.2513011,449.5780885,470.9897597,477.2908735,485.9415342,500.43205,481.0217521,477.4711307,473.8497373,467.2175434,462.6770106,464.0383586,460.2347972,..,..,..,..,..,..
Energy use (kg of oil equivalent per capita),EG.USE.PCAP.KG.OE,Palau,PLW,..,..,..,..,..,..,..,..,..,..,..,..,..,..,..,..,..,..,..,..,..
Energy use (kg of oil equivalent per capita),EG.USE.PCAP.KG.OE,Panama,PAN,847.7620244,942.6501012,840.3166149,825.5809823,799.3213342,875.1210507,918.0965932,882.5161603,869.0206825,942.2071599,990.6733683,1056.468625,1072.221468,1035.578997,1079.868967,..,..,..,..,..,..
Energy use (kg of oil equivalent per capita),EG.USE.PCAP.KG.OE,Papua New Guinea,PNG,..,..,..,..,..,..,..,..,..,..,..,..,..,..,..,..,..,..,..,..,..
Energy use (kg of oil equivalent per capita),EG.USE.PCAP.KG.OE,Paraguay,PRY,723.4733387,722.0487123,702.4565606,704.0038999,698.6063639,679.8454215,690.0008101,704.970153,728.7650527,728.3950998,769.4941758,769.7872553,778.1692225,758.9017731,783.0797242,..,..,..,..,..,..
Energy use (kg of oil equivalent per capita),EG.USE.PCAP.KG.OE,Peru,PER,461.8931922,440.1259959,438.1142032,425.1701341,466.0677573,489.6523362,471.4453633,505.9504003,526.3965805,547.4265572,643.0658206,649.2562376,692.9539738,684.1540906,790.2171922,..,..,..,..,..,..
Energy use (kg of oil equivalent per capita),EG.USE.PCAP.KG.OE,Philippines,PHL,512.7471103,480.6048227,477.0412822,468.5470017,457.9049795,450.078742,438.8435484,432.2646121,441.1902097,413.2116423,429.9086975,425.5174218,444.9495651,453.0600774,474.2978774,..,..,..,..,..,..
Energy use (kg of oil equivalent per capita),EG.USE.PCAP.KG.OE,Poland,POL,2320.376718,2336.445838,2314.20258,2375.006131,2383.05568,2414.16179,2536.978045,2527.408412,2564.775642,2466.524041,2640.238911,2653.403657,2566.574313,2565.670456,2473.406883,2490.206419,..,..,..,..,..
Energy use (kg of oil equivalent per capita),EG.USE.PCAP.KG.OE,Portugal,PRT,2390.097939,2391.228193,2477.48975,2400.765918,2462.985059,2519.004925,2390.324614,2402.426395,2337.271387,2304.026675,2222.629692,2163.982113,2039.011896,2057.86133,2034.51263,2131.681888,..,..,..,..,..
Energy use (kg of oil equivalent per capita),EG.USE.PCAP.KG.OE,Puerto Rico,PRI,..,..,..,..,..,..,..,..,..,..,..,..,..,..,..,..,..,..,..,..,..
Energy use (kg of oil equivalent per capita),EG.USE.PCAP.KG.OE,Qatar,QAT,18431.89506,19621.87242,21300.20691,20727.95796,22120.37157,19256.3819,19155.72141,18167.59628,15832.0889,14643.23031,14890.44172,15370.62564,17344.37911,17266.13195,17922.73294,..,..,..,..,..,..
Energy use (kg of oil equivalent per capita),EG.USE.PCAP.KG.OE,Romania,ROU,1614.209768,1663.739288,1755.130026,1832.278607,1803.463242,1810.327263,1884.545121,1904.096886,1928.966361,1712.526096,1730.087676,1777.106154,1741.722606,1595.98939,1591.667659,..,..,..,..,..,..
Energy use (kg of oil equivalent per capita),EG.USE.PCAP.KG.OE,Russian Federation,RUS,4224.277198,4288.382631,4288.193851,4461.30532,4493.687215,4540.908156,4688.391023,4709.844887,4823.125995,4531.286463,4819.040782,5049.426631,5167.010353,5078.626342,4942.875517,..,..,..,..,..,..
Energy use (kg of oil equivalent per capita),EG.USE.PCAP.KG.OE,Rwanda,RWA,..,..,..,..,..,..,..,..,..,..,..,..,..,..,..,..,..,..,..,..,..
Energy use (kg of oil equivalent per capita),EG.USE.PCAP.KG.OE,Samoa,WSM,..,..,..,..,313.567389,317.147674,315.1330193,318.6007932,..,..,..,..,..,..,..,..,..,..,..,..,..
Energy use (kg of oil equivalent per capita),EG.USE.PCAP.KG.OE,San Marino,SMR,..,..,..,..,..,..,..,..,..,..,..,..,..,..,..,..,..,..,..,..,..
Energy use (kg of oil equivalent per capita),EG.USE.PCAP.KG.OE,Sao Tome and Principe,STP,..,..,..,..,247.1753709,273.0644178,272.1408205,264.5820806,..,..,..,..,..,..,..,..,..,..,..,..,..
Energy use (kg of oil equivalent per capita),EG.USE.PCAP.KG.OE,Saudi Arabia,SAU,4735.657351,4737.58176,5102.020824,5012.944362,5178.930139,5145.599654,5543.058521,5571.710677,6046.697649,6257.648402,6764.376486,6301.272354,6871.804938,6394.844053,6905.756103,..,..,..,..,..,..
Energy use (kg of oil equivalent per capita),EG.USE.PCAP.KG.OE,Senegal,SEN,244.7353643,258.2410465,255.9204621,242.5622544,253.1207207,251.7239675,245.8876386,256.9281634,261.1041291,304.7620916,302.1929544,311.2630391,300.3242578,269.310542,279.2105896,..,..,..,..,..,..
Energy use (kg of oil equivalent per capita),EG.USE.PCAP.KG.OE,Serbia,SRB,1826.357648,1994.463468,2119.78208,2223.783121,2424.404444,2159.573829,2300.733353,2248.155036,2289.995459,2070.229279,2141.055205,2237.461224,2020.395115,2080.972545,1859.428888,..,..,..,..,..,..
Energy use (kg of oil equivalent per capita),EG.USE.PCAP.KG.OE,Seychelles,SYC,..,..,..,..,3103.9709,2751.695672,2872.340426,2410.828737,..,..,..,..,..,..,..,..,..,..,..,..,..
Energy use (kg of oil equivalent per capita),EG.USE.PCAP.KG.OE,Sierra Leone,SLE,..,..,..,..,..,..,..,..,..,..,..,..,..,..,..,..,..,..,..,..,..
Energy use (kg of oil equivalent per capita),EG.USE.PCAP.KG.OE,Singapore,SGP,4634.72585,5145.885754,5065.984507,6216.739177,7370.652877,5055.96632,5264.398658,4677.204306,5094.135714,4257.776277,5006.620992,5069.171794,4898.330465,4880.40607,5121.804318,..,..,..,..,..,..
Energy use (kg of oil equivalent per capita),EG.USE.PCAP.KG.OE,Sint Maarten (Dutch part),SXM,..,..,..,..,..,..,..,..,..,..,..,..,..,..,..,..,..,..,..,..,..
Energy use (kg of oil equivalent per capita),EG.USE.PCAP.KG.OE,Slovak Republic,SVK,3292.609005,3456.705473,3483.867506,3468.783673,3416.24785,3504.475593,3469.291394,3320.454722,3405.692968,3106.686165,3306.805544,3213.949767,3080.725034,3130.926574,2943.18916,3003.66422,..,..,..,..,..
Energy use (kg of oil equivalent per capita),EG.USE.PCAP.KG.OE,Slovenia,SVN,3224.379501,3381.112015,3424.452879,3463.52493,3571.194865,3645.837437,3648.982893,3632.565326,3836.621785,3496.229535,3579.072461,3567.983036,3424.040145,3330.990076,3236.236045,3174.872585,..,..,..,..,..
Energy use (kg of oil equivalent per capita),EG.USE.PCAP.KG.OE,Solomon Islands,SLB,..,..,..,..,126.4886956,123.4257892,122.6412349,130.0464103,..,..,..,..,..,..,..,..,..,..,..,..,..
Energy use (kg of oil equivalent per capita),EG.USE.PCAP.KG.OE,Somalia,SOM,..,..,..,..,..,..,..,..,..,..,..,..,..,..,..,..,..,..,..,..,..
Energy use (kg of oil equivalent per capita),EG.USE.PCAP.KG.OE,South Africa,ZAF,2424.881562,2461.026369,2384.137081,2518.333171,2716.293461,2678.553889,2625.795062,2775.615654,2950.153669,2852.095561,2768.094669,2716.659598,2636.617553,2602.743258,2695.416479,..,..,..,..,..,..
Energy use (kg of oil equivalent per capita),EG.USE.PCAP.KG.OE,South Sudan,SSD,..,..,..,..,..,..,..,..,..,..,..,..,63.66971281,65.39330235,66.34199545,..,..,..,..,..,..
Energy use (kg of oil equivalent per capita),EG.USE.PCAP.KG.OE,Spain,ESP,3003.761672,3060.881809,3107.867341,3157.227264,3238.502447,3251.397133,3194.081246,3180.03342,3026.338408,2757.691412,2742.877182,2689.684337,2683.367935,2512.105919,2464.641291,2571.340962,..,..,..,..,..
Energy use (kg of oil equivalent per capita),EG.USE.PCAP.KG.OE,Sri Lanka,LKA,443.4264526,425.6340906,430.0446815,451.6189289,453.8068586,460.5093132,461.1367746,466.7071598,456.0943403,449.5265438,480.7718608,512.6741106,551.0207099,487.3784309,515.5110213,..,..,..,..,..,..
Energy use (kg of oil equivalent per capita),EG.USE.PCAP.KG.OE,St. Kitts and Nevis,KNA,..,..,..,..,1640.653671,1686.160676,1669.025838,1737.528523,..,..,..,..,..,..,..,..,..,..,..,..,..
Energy use (kg of oil equivalent per capita),EG.USE.PCAP.KG.OE,St. Lucia,LCA,..,..,..,..,741.5830326,752.6756702,719.5506134,763.5454757,..,..,..,..,..,..,..,..,..,..,..,..,..
Energy use (kg of oil equivalent per capita),EG.USE.PCAP.KG.OE,St. Martin (French part),MAF,..,..,..,..,..,..,..,..,..,..,..,..,..,..,..,..,..,..,..,..,..
Energy use (kg of oil equivalent per capita),EG.USE.PCAP.KG.OE,St. Vincent and the Grenadines,VCT,..,..,..,..,608.2276615,616.8633878,644.5494139,645.0542767,..,..,..,..,..,..,..,..,..,..,..,..,..
Energy use (kg of oil equivalent per capita),EG.USE.PCAP.KG.OE,Sudan,SDN,..,..,..,..,..,..,..,..,..,..,..,..,395.6589174,394.6062788,394.6396901,..,..,..,..,..,..
Energy use (kg of oil equivalent per capita),EG.USE.PCAP.KG.OE,Suriname,SUR,1339.186825,1417.081083,978.6573986,1031.850358,1117.422217,1265.492201,1188.910571,1111.911436,1160.958149,1152.479483,1355.643079,1305.553116,1440.39967,1264.239578,1247.311478,..,..,..,..,..,..
Energy use (kg of oil equivalent per capita),EG.USE.PCAP.KG.OE,Eswatini,SWZ,..,..,..,..,395.6012262,387.1610037,391.8570938,405.6962438,..,..,..,..,..,..,..,..,..,..,..,..,..
Energy use (kg of oil equivalent per capita),EG.USE.PCAP.KG.OE,Sweden,SWE,5360.145147,5680.280487,5802.110105,5650.43805,5847.344163,5711.127283,5529.077953,5472.135392,5379.959103,4883.20049,5427.925046,5274.643613,5269.485998,5146.53359,4966.435921,5102.785578,..,..,..,..,..
Energy use (kg of oil equivalent per capita),EG.USE.PCAP.KG.OE,Switzerland,CHE,3480.591572,3673.292573,3553.740257,3542.065603,3530.578345,3488.218348,3619.151639,3410.819883,3499.790982,3481.852845,3347.618356,3205.328271,3202.834337,3304.115438,3059.936749,2960.073389,..,..,..,..,..
Energy use (kg of oil equivalent per capita),EG.USE.PCAP.KG.OE,Syrian Arab Republic,SYR,940.8858701,944.775974,963.4260779,949.8857723,969.7641187,1132.379266,1134.852574,1138.972618,1117.910449,1013.468816,1013.916845,943.5072845,726.1981277,594.1813825,577.1856869,..,..,..,..,..,..
Energy use (kg of oil equivalent per capita),EG.USE.PCAP.KG.OE,Tajikistan,TJK,345.6473832,335.6489098,331.0126069,331.4249672,351.9198594,344.6732008,348.5481656,365.133196,340.3397814,289.5285151,289.0730843,283.4931036,298.0087837,322.7369171,339.8521453,..,..,..,..,..,..
Energy use (kg of oil equivalent per capita),EG.USE.PCAP.KG.OE,Tanzania,TZA,401.8601351,413.4392932,422.7542274,427.3218712,440.5205361,448.450234,451.6903896,454.6441036,456.8235194,456.3564739,465.929495,478.2353766,492.6670498,495.4295453,497.076731,..,..,..,..,..,..
Energy use (kg of oil equivalent per capita),EG.USE.PCAP.KG.OE,Thailand,THA,1148.249521,1170.744417,1283.933139,1380.501503,1481.572598,1513.470037,1533.995423,1590.075843,1624.829222,1610.683361,1753.702595,1743.240604,1860.317575,1991.593614,1969.001719,..,..,..,..,..,..
Energy use (kg of oil equivalent per capita),EG.USE.PCAP.KG.OE,Timor-Leste,TLS,..,..,..,..,59.67735131,58.28354947,58.04618509,58.85803827,..,..,..,..,..,..,..,..,..,..,..,..,..
Energy use (kg of oil equivalent per capita),EG.USE.PCAP.KG.OE,Togo,TGO,428.6278821,415.9445198,419.5782169,431.9859214,425.5900856,422.6491721,410.6965614,415.0082791,421.0823846,498.4348491,485.1128498,475.0172947,461.0402983,461.1043347,462.4909481,..,..,..,..,..,..
Energy use (kg of oil equivalent per capita),EG.USE.PCAP.KG.OE,Tonga,TON,..,..,..,..,568.760103,564.8877657,560.4389122,565.4068492,..,..,..,..,..,..,..,..,..,..,..,..,..
Energy use (kg of oil equivalent per capita),EG.USE.PCAP.KG.OE,Trinidad and Tobago,TTO,7764.84213,8640.842634,9361.374336,10417.69253,10880.11066,12430.52845,13805.01335,14617.04183,14127.16641,14210.55014,15108.65288,14775.9767,14312.39269,14478.93477,14363.51592,..,..,..,..,..,..
Energy use (kg of oil equivalent per capita),EG.USE.PCAP.KG.OE,Tunisia,TUN,752.5387939,787.3394294,791.5549914,807.1756071,844.3922474,822.6588888,857.9101468,877.1506394,905.1782272,870.0455286,966.7602361,913.5700641,944.4204952,950.6742977,950.4907305,..,..,..,..,..,..
Energy use (kg of oil equivalent per capita),EG.USE.PCAP.KG.OE,Turkey,TUR,1201.085911,1094.184604,1139.351997,1178.379689,1204.666657,1240.16527,1354.807007,1437.163425,1401.775559,1371.130339,1474.668183,1545.478933,1583.634411,1540.098243,1573.7159,1651.361454,..,..,..,..,..
Energy use (kg of oil equivalent per capita),EG.USE.PCAP.KG.OE,Turkmenistan,TKM,3294.768998,3321.977493,3431.574586,3788.406491,3915.200299,4032.956186,4082.799163,4594.929592,4587.451758,3970.285869,4459.24517,4769.809928,4847.756032,4883.146258,4893.409616,..,..,..,..,..,..
Energy use (kg of oil equivalent per capita),EG.USE.PCAP.KG.OE,Turks and Caicos Islands,TCA,..,..,..,..,..,..,..,..,..,..,..,..,..,..,..,..,..,..,..,..,..
Energy use (kg of oil equivalent per capita),EG.USE.PCAP.KG.OE,Tuvalu,TUV,..,..,..,..,..,..,..,..,..,..,..,..,..,..,..,..,..,..,..,..,..
Energy use (kg of oil equivalent per capita),EG.USE.PCAP.KG.OE,Uganda,UGA,..,..,..,..,..,..,..,..,..,..,..,..,..,..,..,..,..,..,..,..,..
Energy use (kg of oil equivalent per capita),EG.USE.PCAP.KG.OE,Ukraine,UKR,2720.688215,2755.638645,2813.161442,3025.135534,3031.497888,3033.182323,2935.290056,2996.210418,2910.661591,2487.034608,2886.991993,2768.924974,2687.05604,2553.113821,2334.396422,..,..,..,..,..,..
Energy use (kg of oil equivalent per capita),EG.USE.PCAP.KG.OE,United Arab Emirates,ARE,10057.93504,12172.42399,11462.47575,10568.8275,10286.82068,9698.2879,8716.289692,8127.945004,8367.15153,7572.354438,7215.218899,7190.970335,7481.193875,7604.839686,7648.399884,..,..,..,..,..,..
Energy use (kg of oil equivalent per capita),EG.USE.PCAP.KG.OE,United Kingdom,GBR,3785.753126,3784.928174,3685.869487,3731.609718,3694.478595,3686.359905,3598.810406,3441.640219,3361.980517,3145.585662,3230.615984,2972.153065,3042.859871,2987.700589,2777.310987,2764.516671,..,..,..,..,..
Energy use (kg of oil equivalent per capita),EG.USE.PCAP.KG.OE,United States,USA,8056.86385,7827.886325,7843.344849,7794.23553,7881.578642,7846.499688,7697.652535,7758.165986,7488.081921,7056.783653,7161.553355,7030.554961,6873.049271,6907.04604,6962.549817,6806.199939,..,..,..,..,..
Energy use (kg of oil equivalent per capita),EG.USE.PCAP.KG.OE,Uruguay,URY,931.3659279,815.3952836,763.0948515,759.0944703,863.7819451,890.2264824,957.0791613,950.1147896,1243.374914,1232.981936,1216.641984,1311.487847,1372.40032,1357.831783,1386.020137,..,..,..,..,..,..
Energy use (kg of oil equivalent per capita),EG.USE.PCAP.KG.OE,Uzbekistan,UZB,2063.585378,2050.219172,2109.31946,2015.767308,1964.132097,1799.40318,1815.949789,1777.914768,1823.311821,1591.991076,1512.821507,1613.810098,1625.988144,1419.477767,..,..,..,..,..,..,..
Energy use (kg of oil equivalent per capita),EG.USE.PCAP.KG.OE,Vanuatu,VUT,..,..,..,..,146.9673292,143.3472539,144.6097868,159.4736458,..,..,..,..,..,..,..,..,..,..,..,..,..
Energy use (kg of oil equivalent per capita),EG.USE.PCAP.KG.OE,"Venezuela, RB",VEN,2119.362755,2152.82309,2294.353901,2072.663405,2170.253226,2130.138386,2336.153698,2129.278568,2347.901811,2319.653709,2545.027345,2326.117823,2488.273475,2308.741823,..,..,..,..,..,..,..
Energy use (kg of oil equivalent per capita),EG.USE.PCAP.KG.OE,Vietnam,VNM,359.6033143,379.5465756,410.1504534,426.6101523,469.1355715,492.0724513,499.5559313,532.4878224,563.9279605,609.2761386,669.6999218,662.5571706,667.3200042,660.3341082,..,..,..,..,..,..,..
Energy use (kg of oil equivalent per capita),EG.USE.PCAP.KG.OE,Virgin Islands (U.S.),VIR,..,..,..,..,..,..,..,..,..,..,..,..,..,..,..,..,..,..,..,..,..
Energy use (kg of oil equivalent per capita),EG.USE.PCAP.KG.OE,West Bank and Gaza,PSE,..,..,..,..,..,..,..,..,..,..,..,..,..,..,..,..,..,..,..,..,..
Energy use (kg of oil equivalent per capita),EG.USE.PCAP.KG.OE,"Yemen, Rep.",YEM,272.6614606,293.8220451,276.5161811,298.467369,316.5146357,327.6094896,340.8863918,324.2673622,332.42086,358.6423887,338.2601187,277.833521,244.4377269,328.6890354,..,..,..,..,..,..,..
Energy use (kg of oil equivalent per capita),EG.USE.PCAP.KG.OE,Zambia,ZMB,600.034044,603.0789007,607.7285394,612.030407,613.652384,617.7109839,615.1071088,599.1048678,603.2318094,600.8069987,604.4057526,619.4008027,630.3311946,644.9790252,..,..,..,..,..,..,..
Energy use (kg of oil equivalent per capita),EG.USE.PCAP.KG.OE,Zimbabwe,ZWE,842.3658944,837.1072619,820.3224115,782.6855015,762.3191418,796.2583153,809.9859561,787.371199,724.2926216,729.3790485,744.9325363,795.0545031,824.2429298,845.3608278,..,..,..,..,..,..,..
,,,,,,,,,,,,,,,,,,,,,,,,
,,,,,,,,,,,,,,,,,,,,,,,,
,,,,,,,,,,,,,,,,,,,,,,,,
Data from database: World Development Indicators,,,,,,,,,,,,,,,,,,,,,,,,
Last Updated: 03/19/2021,,,,,,,,,,,,,,,,,,,,,,,,